"video_id","publishedAt","channelId","title","description","thumbnails.default.url","thumbnails.default.width","thumbnails.default.height","thumbnails.medium.url","thumbnails.medium.width","thumbnails.medium.height","thumbnails.high.url","thumbnails.high.width","thumbnails.high.height","channelTitle","liveBroadcastContent","viewCount","likeCount","dislikeCount","favoriteCount","commentCount","month","year"
"oy80-T0JJtA",2018-04-21,"UCmh5gdwCx6lN7gEC20leNVA","surprising best friends with 3 new cars","My 420 fun surprise Thanks to SeatGeek for sponsoring this gift. Use code DAVID for $20 off your first order: https://sg.app.link/david Thanks to everyone at ...","https://i.ytimg.com/vi/oy80-T0JJtA/default.jpg","120","90","https://i.ytimg.com/vi/oy80-T0JJtA/mqdefault.jpg","320","180","https://i.ytimg.com/vi/oy80-T0JJtA/hqdefault.jpg","480","360","David Dobrik","none",14549049,920383,3880,0,58252,4,2018
"Om7wGUivcPw",2019-10-17,"UCGyhCn52ork3QWb0UlCy-OA","sri lanka elle <U+0D91><U+0DBD><U+0DCA><U+0DBD><U+0DDA> <U+0D9A><U+0DAB><U+0DCA><U+0DA9><U+0DCF><U+0DBA><U+0DB8><U+0DCA> <U+0DC3><U+0DAF><U+0DC4><U+0DCF> <U+0DBD><U+0DCF><U+0D82><U+0DA1><U+0DB1><U+0DBA><U+0DB1><U+0DCA> <U+0D91><U+0DC4><U+0DD9><U+0DB8><U+0DAD><U+0DCA> <U+0DB1><U+0DD0><U+0DAD><U+0DD2><U+0DB1><U+0DB8><U+0DCA> <U+0DC3><U+0DBD><U+0D9A><U+0DD4><U+0DAB>","<U+0D91><U+0DBD><U+0DCA><U+0DBD><U+0DDA> <U+0D9A><U+0DAB><U+0DCA><U+0DA9><U+0DCF><U+0DBA><U+0DB8><U+0DCA> <U+0DC3><U+0DAF><U+0DC4><U+0DCF> <U+0DBD><U+0DCF><U+0D82><U+0DA1><U+0DB1><U+0DBA><U+0DB1><U+0DCA> <U+0D91><U+0DC4><U+0DD9><U+0DB8><U+0DAD><U+0DCA> <U+0DB1><U+0DD0><U+0DAD><U+0DD2><U+0DB1><U+0DB8><U+0DCA> <U+0DC3><U+0DBD><U+0D9A><U+0DD4><U+0DAB> www.srlankaelle.com <U+0DC0><U+0DD9><U+0DB6><U+0DCA> <U+0DB4><U+0DD2><U+0DA7><U+0DD4><U+0DC0> <U+0DC0><U+0DD9><U+0DAD><U+0DD2>...","https://i.ytimg.com/vi/Om7wGUivcPw/default.jpg","120","90","https://i.ytimg.com/vi/Om7wGUivcPw/mqdefault.jpg","320","180","https://i.ytimg.com/vi/Om7wGUivcPw/hqdefault.jpg","480","360","Sri Lanka Elle","none",119,3,0,0,2,10,2019
"ovBRDPFVrjA",2019-07-23,"UCxbt2Jhpo1ozpVCCVhagdEw","100 pack opening first bundle of mut 20 madden 20 ultimate team","This video is presented by EA Game Changers. We rip our first $100 bundle of Madden 20! Can we pull something glitchy?? What are the pack odds?! Follow ...","https://i.ytimg.com/vi/ovBRDPFVrjA/default.jpg","120","90","https://i.ytimg.com/vi/ovBRDPFVrjA/mqdefault.jpg","320","180","https://i.ytimg.com/vi/ovBRDPFVrjA/hqdefault.jpg","480","360","The Director: Madden and Chargers Football","none",31855,472,48,0,112,7,2019
"6VF0GEf3S0I",2020-01-11,"UCmh5gdwCx6lN7gEC20leNVA","surprising people with justin bieber","We surprise some students with Justin Bieber!! Yummy music video: https://www.youtube.com/watch?v=8EJ3zbKTWQ8 Yummy on itunes: ...","https://i.ytimg.com/vi/6VF0GEf3S0I/default.jpg","120","90","https://i.ytimg.com/vi/6VF0GEf3S0I/mqdefault.jpg","320","180","https://i.ytimg.com/vi/6VF0GEf3S0I/hqdefault.jpg","480","360","David Dobrik","none",19398544,1089594,21911,0,34078,1,2020
"-zAAWPNtgw0",2016-08-05,"UC6tQAnaOjjwYX7aTlPwEYWg","6two1 39 s ireland honda hunt part 1","I headed out to Ireland for a week to see if i could find some of the best Honda's they had to offer! NEW BLOG POST ...","https://i.ytimg.com/vi/-zAAWPNtgw0/default.jpg","120","90","https://i.ytimg.com/vi/-zAAWPNtgw0/mqdefault.jpg","320","180","https://i.ytimg.com/vi/-zAAWPNtgw0/hqdefault.jpg","480","360","Adam Ivell","none",6737,162,1,0,24,8,2016
"VKg3w8cnMoI",2019-07-16,"UC7q6uQnKC3rGDfeKeLXzyJQ","nhl 20 game play trailer breakdown","In this video I go over the NHL 20 game play trailer, as well as all the information that EA released in their NHL 20 blogs! Let me know what you think! Follow Me: ...","https://i.ytimg.com/vi/VKg3w8cnMoI/default.jpg","120","90","https://i.ytimg.com/vi/VKg3w8cnMoI/mqdefault.jpg","320","180","https://i.ytimg.com/vi/VKg3w8cnMoI/hqdefault.jpg","480","360","Sleeveless Gaming","none",1660,63,2,0,18,7,2019
"rxsqPiVWskY",2019-05-19,"UC-SV8-bUJfXjrRMnp7F8Wzw","they kicked her out","Yesterdays Vlog - https://youtu.be/2xhd9iqDyQ8 Welcome to day 3 of our very productive and fun trip to the beautiful Bahamas. Thank you so much for being ...","https://i.ytimg.com/vi/rxsqPiVWskY/default.jpg","120","90","https://i.ytimg.com/vi/rxsqPiVWskY/mqdefault.jpg","320","180","https://i.ytimg.com/vi/rxsqPiVWskY/hqdefault.jpg","480","360","Roman Atwood Vlogs","none",1058334,35593,806,0,1773,5,2019
"Owy2hhn9fTQ",2016-07-11,"UC2QfralkpSNApY81B8Fp8Eg","beginner 39 s guide to serging ep 10 yarn application foot","https://www.sewingpartsonline.com/?utm_source=Youtube&utm_medium=product Welcome back to the Beginner's Guide to Serging! In this episode, we'll learn ...","https://i.ytimg.com/vi/Owy2hhn9fTQ/default.jpg","120","90","https://i.ytimg.com/vi/Owy2hhn9fTQ/mqdefault.jpg","320","180","https://i.ytimg.com/vi/Owy2hhn9fTQ/hqdefault.jpg","480","360","Sewing Parts Online","none",36797,497,5,0,21,7,2016
"x8G-pasEZgs",2018-11-16,"UCkuhvS6P68pAhbTDgrIvsSg","60 second tutorial all occasion card set by nichola battilana for graphic 45 featuring flutter","Flutter Card Set - By Nichola Battilana “The holidays are coming up so fast, and for many people, that means Christmas, winter celebrations, and Thanksgiving, ...","https://i.ytimg.com/vi/x8G-pasEZgs/default.jpg","120","90","https://i.ytimg.com/vi/x8G-pasEZgs/mqdefault.jpg","320","180","https://i.ytimg.com/vi/x8G-pasEZgs/hqdefault.jpg","480","360","Graphic 45","none",3100,129,0,0,5,11,2018
"sk7qw0R6phw",2019-10-20,"UCGyhCn52ork3QWb0UlCy-OA","sri lanka elle <U+0D89><U+0DAD><U+0DCF><U+0DBD><U+0DD2> <U+0DBB><U+0DB1><U+0DCA> <U+0D9A><U+0DD4><U+0DC3><U+0DBD><U+0DCF><U+0DB1> 04 <U+0DAD><U+0DBB><U+0D9C><U+0DB8><U+0DCF><U+0DBD><U+0DCF><U+0DC0><U+0DDA> <U+0D9A><U+0DD4><U+0DC3><U+0DB4><U+0DAD><U+0DCA> <U+0D87><U+0DAF><U+0DD3><U+0DB8> 2019 <U+0D94><U+0D9A><U+0DCA><U+0DAD><U+0DDD><U+0DB8><U+0DCA><U+0DB6><U+0DBB><U+0DCA> <U+0DB8><U+0DC3> 19 <U+0DC0><U+0DD9><U+0DB1><U+0DD2> <U+0DAF><U+0DD2><U+0DB1>","Subscribe Me: https://www.youtube.com/channel/UCGyhCn52ork3QWb0UlCy-OA?sub_confirmation=1 <U+0D87><U+0DAD><U+0DCA><U+0DAD><U+0DB8><U+0DBA><U+0DD2>..<U+0D85><U+0DB4><U+0DDA> <U+0DA0><U+0DD0><U+0DB1><U+0DBD><U+0DCA> <U+0D91><U+0D9A><U+0DA7><U+0DAD><U+0DCA> <U+0D9C><U+0DDC><U+0DA9><U+0DC0><U+0DD9><U+0DBD><U+0DCF> <U+0DBA><U+0DB1><U+0DCA><U+0DB1>...","https://i.ytimg.com/vi/sk7qw0R6phw/default.jpg","120","90","https://i.ytimg.com/vi/sk7qw0R6phw/mqdefault.jpg","320","180","https://i.ytimg.com/vi/sk7qw0R6phw/hqdefault.jpg","480","360","Sri Lanka Elle","none",351,3,0,0,1,10,2019
"AwFgM1_51Yg",2017-04-27,"UCxHAGId0_KdTxczohhdnOLg","my 1st shopping haul","My very very very 1st ever ever ever shopping haul!! I've linked all the individual product links down below so feel free to click on to the products directly or the ...","https://i.ytimg.com/vi/AwFgM1_51Yg/default.jpg","120","90","https://i.ytimg.com/vi/AwFgM1_51Yg/mqdefault.jpg","320","180","https://i.ytimg.com/vi/AwFgM1_51Yg/hqdefault.jpg","480","360","Chloe Choo","none",3023,NA,NA,0,NA,4,2017
"LtSXH2uKG9I",2008-08-05,"UClxb3xL_UCSd6DgbzuNyfVg","internet de cabeza telurica 443","Firefox sigue imponiéndose a Internet Explorer, ahora en Hungría, aunque Microsoft y Steve Balmer quieran negarlo. Veremos el archivo Léeme más raro, ...","https://i.ytimg.com/vi/LtSXH2uKG9I/default.jpg","120","90","https://i.ytimg.com/vi/LtSXH2uKG9I/mqdefault.jpg","320","180","https://i.ytimg.com/vi/LtSXH2uKG9I/hqdefault.jpg","480","360","teluricatv","none",15444,41,3,0,8,8,2008
"AczEqBme28Y",2018-05-13,"UCCyWdVTS3OIccMT1XtpVp_g","how to ask someone for money that they owe you emma drew ad","5 tips for asking someone for money that they owe you. Check out Paym: ...","https://i.ytimg.com/vi/AczEqBme28Y/default.jpg","120","90","https://i.ytimg.com/vi/AczEqBme28Y/mqdefault.jpg","320","180","https://i.ytimg.com/vi/AczEqBme28Y/hqdefault.jpg","480","360","Emma Drew","none",1299,NA,NA,0,7,5,2018
"4IxNDUQhhCM",2009-02-28,"UC0tPd90b_H1OuVSaWkYyJvA","andres video blog 20 happy 20 blogs","This has turned out to be something of a milestone weekend for me.I've been progressing forward in my art and this is my 20'th video blog on YouTube.","https://i.ytimg.com/vi/4IxNDUQhhCM/default.jpg","120","90","https://i.ytimg.com/vi/4IxNDUQhhCM/mqdefault.jpg","320","180","https://i.ytimg.com/vi/4IxNDUQhhCM/hqdefault.jpg","480","360","Andregrindle","none",20,0,0,0,0,2,2009
"ywrLKRUMayk",2019-11-04,"UCGyhCn52ork3QWb0UlCy-OA","sri lanka elle <U+0D85><U+0DAD><U+0DB4><U+0DBA> <U+0D87><U+0DAD><U+0DD2> <U+0DB6><U+0DDC><U+0DC4><U+0DDD> <U+0DB8><U+0DD2><U+0DB1><U+0DD2><U+0DC3><U+0DD4><U+0DB1><U+0DCA><U+0DA7> <U+0D86><U+0DAF><U+0DBB><U+0DCA><U+0DC1><U+0DBA><U+0D9A><U+0DCA> <U+0DC0><U+0DD6> <U+0DAD><U+0DCA><U+200D><U+0DBB><U+0DD3> <U+0DC0><U+0DD3><U+0DBD><U+0DBB><U+0DCA> <U+0DBB><U+0DAE> <U+0DBB><U+0DD2><U+0DBA><U+0DAF><U+0DD4><U+0DBB><U+0DCF>","Subscribe Me: https://www.youtube.com/channel/UCGyhCn52ork3QWb0UlCy-OA?sub_confirmation=1 <U+0D87><U+0DAD><U+0DCA><U+0DAD><U+0DB8><U+0DBA><U+0DD2>..<U+0D85><U+0DB4><U+0DDA> <U+0DA0><U+0DD0><U+0DB1><U+0DBD><U+0DCA> <U+0D91><U+0D9A><U+0DA7><U+0DAD><U+0DCA> <U+0D9C><U+0DDC><U+0DA9><U+0DC0><U+0DD9><U+0DBD><U+0DCF> <U+0DBA><U+0DB1><U+0DCA><U+0DB1>...","https://i.ytimg.com/vi/ywrLKRUMayk/default.jpg","120","90","https://i.ytimg.com/vi/ywrLKRUMayk/mqdefault.jpg","320","180","https://i.ytimg.com/vi/ywrLKRUMayk/hqdefault.jpg","480","360","Sri Lanka Elle","none",172,10,0,0,0,11,2019
"FQ4VB5h3-N8",2018-03-06,"UCvoGmCnj0bA3DbQcLy2k8hA","wardrobe new in","My latest and favourite items to hit my wardrobe and the things I have been wearing most over the past month and will keep wearing in the transeasonal weather ...","https://i.ytimg.com/vi/FQ4VB5h3-N8/default.jpg","120","90","https://i.ytimg.com/vi/FQ4VB5h3-N8/mqdefault.jpg","320","180","https://i.ytimg.com/vi/FQ4VB5h3-N8/hqdefault.jpg","480","360","Inspiring Wit TV","none",537,14,0,0,14,3,2018
"GLEu_w0edq4",2019-09-25,"UCGyhCn52ork3QWb0UlCy-OA","sri lanka elle <U+0DC0><U+0DC3><U+0DBB> 12 <U+0D9A><U+0DA7> <U+0DC0><U+0DD0><U+0DA9><U+0DD2> <U+0DC0><U+0DD2><U+0DC1><U+0DCA><U+200D><U+0DBB><U+0DCF><U+0DB8> <U+0DC0><U+0DD0><U+0DA7><U+0DD4><U+0DB4><U+0DCA> <U+0DB1><U+0DDC><U+0DC5><U+0DB6><U+0DB1> <U+0DBB><U+0DAB><U+0DC0><U+0DD2><U+0DBB><U+0DD4><U+0DC0><U+0DB1><U+0DCA><U+0D9C><U+0DDA> <U+0DC3><U+0DCF><U+0DB8><U+0D9A><U+0DCF><U+0DB8><U+0DD3> <U+0D8B><U+0DAF><U+0DCA><U+0D9D><U+0DDD><U+0DC2><U+0DAB><U+0DBA>","Subscribe Me: https://www.youtube.com/channel/UCGyhCn52ork3QWb0UlCy-OA?sub_confirmation=1 Web Page : http://www.srilankaelle.com/ Web Page ...","https://i.ytimg.com/vi/GLEu_w0edq4/default.jpg","120","90","https://i.ytimg.com/vi/GLEu_w0edq4/mqdefault.jpg","320","180","https://i.ytimg.com/vi/GLEu_w0edq4/hqdefault.jpg","480","360","Sri Lanka Elle","none",273,6,1,0,0,9,2019
"N0LEU2JDRXs",2018-10-21,"UCfbZ2GJspTSeCzr3S4Ua6qg","disney christmas gift guide 2018","Check out some #Disney gift ideas in this Christmas Gift Guide! <U+2B50><U+FE0F>SUBSCRIBE https://www.youtube.com/user/brummymummyof2 <U+2B50><U+FE0F>DISNEY PLAYLIST: ...","https://i.ytimg.com/vi/N0LEU2JDRXs/default.jpg","120","90","https://i.ytimg.com/vi/N0LEU2JDRXs/mqdefault.jpg","320","180","https://i.ytimg.com/vi/N0LEU2JDRXs/hqdefault.jpg","480","360","brummymummyof2","none",15379,928,15,0,127,10,2018
"rcJ8Dczw538",2012-11-13,"UCEs6-iUDM8Sje4W7x2IKTWw","autodesk inventor copy a tube and pipe run","Video from http://www.CADlineCommunity.co.uk I have recorded a quick tips and tricks video for Inventor Tube & Pipe Users. This is a snippet of an exercise ...","https://i.ytimg.com/vi/rcJ8Dczw538/default.jpg","120","90","https://i.ytimg.com/vi/rcJ8Dczw538/mqdefault.jpg","320","180","https://i.ytimg.com/vi/rcJ8Dczw538/hqdefault.jpg","480","360","Cadline","none",6682,11,1,0,0,11,2012
"oydlWcycmLc",2014-12-05,"UC2QfralkpSNApY81B8Fp8Eg","the beginner 39 s guide to sewing episode 16 letting out and taking in side seams part 1","https://www.sewingpartsonline.com/?utm_source=Youtube&utm_medium=product Hey, Everyone! Welcome back to the BGTS series! We're moving forward with ...","https://i.ytimg.com/vi/oydlWcycmLc/default.jpg","120","90","https://i.ytimg.com/vi/oydlWcycmLc/mqdefault.jpg","320","180","https://i.ytimg.com/vi/oydlWcycmLc/hqdefault.jpg","480","360","Sewing Parts Online","none",31394,233,6,0,16,12,2014
"NDA5Vxv0dBU",2019-10-14,"UCGyhCn52ork3QWb0UlCy-OA","sri lanka elle <U+0DBB><U+0DAB><U+0DC0><U+0DD2><U+0DBB><U+0DD4> <U+0D8B><U+0DB4><U+0DC4><U+0DCF><U+0DBB> <U+0D8B><U+0DAD><U+0DCA><U+0DC3><U+0DC0><U+0DBA> 2019 <U+0D94><U+0D9A><U+0DCA><U+0DAD><U+0DDD><U+0DB8><U+0DCA><U+0DB6><U+0DBB><U+0DCA> <U+0DB8><U+0DC3> 13","<U+0DBB><U+0DAB><U+0DC0><U+0DD2><U+0DBB><U+0DD4> <U+0D8B><U+0DB4><U+0DC4><U+0DCF><U+0DBB> <U+0D8B><U+0DAD><U+0DCA><U+0DC3><U+0DC0><U+0DBA> 2019 <U+0D94><U+0D9A><U+0DCA><U+0DAD><U+0DDD><U+0DB8><U+0DCA><U+0DB6><U+0DBB><U+0DCA> <U+0DB8><U+0DC3> 13 <U+0DAF><U+0DD2><U+0DB1> <U+0DB4><U+0DC3><U+0DCA><U+0DC0><U+0DBB><U+0DD4> 0400 <U+0DA7> <U+0DB1><U+0DD2><U+0DC0><U+0DB1><U+0DCA><U+0DAF><U+0DB8><U+0DAF><U+0DD3> <U+0DB4><U+0DC0><U+0DAD><U+0DCA><U+0DC0><U+0DB1> <U+0DBD><U+0DAF><U+0DD3>...","https://i.ytimg.com/vi/NDA5Vxv0dBU/default.jpg","120","90","https://i.ytimg.com/vi/NDA5Vxv0dBU/mqdefault.jpg","320","180","https://i.ytimg.com/vi/NDA5Vxv0dBU/hqdefault.jpg","480","360","Sri Lanka Elle","none",115,3,0,0,0,10,2019
"EIRSDS0L5RQ",2017-02-24,"UCGGQ39BHLd4NNlS-GfXAm_w","sheldon no vota a radical barbatilo en los premios 20blogs","Para votar, hacer click en el siguiente enlace: http://radicalbarbatilo.blogspot.com/2017/02/xi-premios-20blogs-me-votas.html ¡Mil gracias!","https://i.ytimg.com/vi/EIRSDS0L5RQ/default.jpg","120","90","https://i.ytimg.com/vi/EIRSDS0L5RQ/mqdefault.jpg","320","180","https://i.ytimg.com/vi/EIRSDS0L5RQ/hqdefault.jpg","480","360","Jesús Gil-Muñoz , Ph.D.","none",52,3,0,0,0,2,2017
"GdpY4JrrEGk",2019-07-08,"UCGyhCn52ork3QWb0UlCy-OA","sri lanka elle sri lanka elle <U+0D85><U+0DAB><U+0DD4><U+0DC3><U+0DCA><U+0DB8><U+0DBB><U+0DAB><U+0DBA> <U+0D91><U+0DBD><U+0DCA><U+0DBD><U+0DDA> <U+0DAD><U+0DBB><U+0D9C><U+0DB8><U+0DCF><U+0DBD><U+0DCF><U+0DC0> 2019 <U+0DA2><U+0DD4><U+0DB1><U+0DD2> <U+0DB8><U+0DC3> 30 <U+0DB8><U+0DC4><U+0DB6><U+0DCF><U+0D9C><U+0DDA> <U+0DB1><U+0DC0><U+0DBD><U+0DDD><U+0D9A> <U+0D9A><U+0DCA><U+200D><U+0DBB><U+0DD3><U+0DA9><U+0DCF><U+0D82><U+0D9C><U+0DB1><U+0DBA><U+0DDA><U+0DAF><U+0DD3>","Subscribe Me: https://www.youtube.com/channel/UCGyhCn52ork3QWb0UlCy-OA?sub_confirmation=1 Web Page : http://www.srilankaelle.com/ Web Page ...","https://i.ytimg.com/vi/GdpY4JrrEGk/default.jpg","120","90","https://i.ytimg.com/vi/GdpY4JrrEGk/mqdefault.jpg","320","180","https://i.ytimg.com/vi/GdpY4JrrEGk/hqdefault.jpg","480","360","Sri Lanka Elle","none",1786,9,1,0,0,7,2019
"dBOvo4iJJS8",2019-09-25,"UCGyhCn52ork3QWb0UlCy-OA","sri lanka elle <U+0D86><U+0DB7><U+0DCF><U+0DB0><U+0DD2><U+0DAD> <U+0DBB><U+0DAB><U+0DC0><U+0DD2><U+0DBB><U+0DD4> <U+0DC3><U+0DAD><U+0DCA><U+200D><U+0DBA><U+0D9C><U+0DCA><U+200D><U+0DBB><U+0DC4><U+0DBA> <U+0D9A><U+0DD4><U+0DC3><U+0DD4><U+0DB8><U+0DCA><U+0DC3><U+0DD2><U+0DBB><U+0DD2> <U+0DB8><U+0DC4><U+0DAD><U+0DCF><U+0D9C><U+0DDA> <U+0D85><U+0DAF><U+0DC4><U+0DC3>","Subscribe Me: https://www.youtube.com/channel/UCGyhCn52ork3QWb0UlCy-OA?sub_confirmation=1 Web Page : http://www.srilankaelle.com/ Web Page ...","https://i.ytimg.com/vi/dBOvo4iJJS8/default.jpg","120","90","https://i.ytimg.com/vi/dBOvo4iJJS8/mqdefault.jpg","320","180","https://i.ytimg.com/vi/dBOvo4iJJS8/hqdefault.jpg","480","360","Sri Lanka Elle","none",148,3,2,0,0,9,2019
"_A-WNl-o280",2019-10-19,"UCGyhCn52ork3QWb0UlCy-OA","sri lanka elle <U+0D89><U+0DAD><U+0DCF><U+0DBD><U+0DD2> <U+0DBB><U+0DB1><U+0DCA> <U+0D9A><U+0DD4><U+0DC3><U+0DBD><U+0DCF><U+0DB1> 04","Subscribe Me: https://www.youtube.com/channel/UCGyhCn52ork3QWb0UlCy-OA?sub_confirmation=1 <U+0D87><U+0DAD><U+0DCA><U+0DAD><U+0DB8><U+0DBA><U+0DD2>..<U+0D85><U+0DB4><U+0DDA> <U+0DA0><U+0DD0><U+0DB1><U+0DBD><U+0DCA> <U+0D91><U+0D9A><U+0DA7><U+0DAD><U+0DCA> <U+0D9C><U+0DDC><U+0DA9><U+0DC0><U+0DD9><U+0DBD><U+0DCF> <U+0DBA><U+0DB1><U+0DCA><U+0DB1>...","https://i.ytimg.com/vi/_A-WNl-o280/default.jpg","120","90","https://i.ytimg.com/vi/_A-WNl-o280/mqdefault.jpg","320","180","https://i.ytimg.com/vi/_A-WNl-o280/hqdefault.jpg","480","360","Sri Lanka Elle","none",137,3,0,0,0,10,2019
"TmPRqo9hQEw",2014-06-19,"UC2QfralkpSNApY81B8Fp8Eg","beginner 39 s guide to sewing episode 2 all about tools of the trade","https://www.sewingpartsonline.com/?utm_source=Youtube&utm_medium=product Hey Everyone - Welcome back to The Beginner's Guide to Sewing!","https://i.ytimg.com/vi/TmPRqo9hQEw/default.jpg","120","90","https://i.ytimg.com/vi/TmPRqo9hQEw/mqdefault.jpg","320","180","https://i.ytimg.com/vi/TmPRqo9hQEw/hqdefault.jpg","480","360","Sewing Parts Online","none",69846,929,14,0,30,6,2014
"CXFNVs6oBU0",2014-09-14,"UC2QfralkpSNApY81B8Fp8Eg","beginner 39 s guide to sewing episode 13 zippers buttons and everything in between part 2","https://www.sewingpartsonline.com/?utm_source=Youtube&utm_medium=product Welcome back to the Beginner's Guide to Sewing! In episode 13 we continue ...","https://i.ytimg.com/vi/CXFNVs6oBU0/default.jpg","120","90","https://i.ytimg.com/vi/CXFNVs6oBU0/mqdefault.jpg","320","180","https://i.ytimg.com/vi/CXFNVs6oBU0/hqdefault.jpg","480","360","Sewing Parts Online","none",15180,296,3,0,14,9,2014
"D-muzNczXuM",2019-07-06,"UCGyhCn52ork3QWb0UlCy-OA","sri lanka elle sri lanka elle <U+0D85><U+0DAB><U+0DD4><U+0DC3><U+0DCA><U+0DB8><U+0DBB><U+0DAB><U+0DBA> <U+0D91><U+0DBD><U+0DCA><U+0DBD><U+0DDA> <U+0DAD><U+0DBB><U+0D9C><U+0DB8><U+0DCF><U+0DBD><U+0DCF><U+0DC0> 2019 <U+0DA2><U+0DD4><U+0DB1><U+0DD2> <U+0DB8><U+0DC3> 30 <U+0DB8><U+0DC4><U+0DB6><U+0DCF><U+0D9C><U+0DDA> <U+0DB1><U+0DC0><U+0DBD><U+0DDD><U+0D9A> <U+0D9A><U+0DCA><U+200D><U+0DBB><U+0DD3><U+0DA9><U+0DCF><U+0D82><U+0D9C><U+0DB1><U+0DBA><U+0DDA><U+0DAF><U+0DD3>","Subscribe us: https://www.youtube.com/channel/UCGyh..... Subscribe us:. Web Page : http://www.srilankaelle.com/ Web Page Watch more videos: ...","https://i.ytimg.com/vi/D-muzNczXuM/default.jpg","120","90","https://i.ytimg.com/vi/D-muzNczXuM/mqdefault.jpg","320","180","https://i.ytimg.com/vi/D-muzNczXuM/hqdefault.jpg","480","360","Sri Lanka Elle","none",490,4,0,0,1,7,2019
"vCA_V9i6L98",2019-10-31,"UCGyhCn52ork3QWb0UlCy-OA","sri lanka elle <U+0D91><U+0DBD><U+0DCA><U+0DBD><U+0DBA> <U+0DA9><U+0DD3><U+0DC0><U+0DD2><U+0DA9><U+0DD2> <U+0DB4><U+0DD4><U+0DC0><U+0DAD><U+0DCA> 2019 <U+0DAD><U+0DD9><U+0DC0><U+0DB1> <U+0D9A><U+0DBD><U+0DCF><U+0DB4><U+0DBA> <U+0DB4><U+0DD4><U+0DC0><U+0DAD><U+0DCA>","Subscribe Me: https://www.youtube.com/channel/UCGyhCn52ork3QWb0UlCy-OA?sub_confirmation=1 <U+0D87><U+0DAD><U+0DCA><U+0DAD><U+0DB8><U+0DBA><U+0DD2>..<U+0D85><U+0DB4><U+0DDA> <U+0DA0><U+0DD0><U+0DB1><U+0DBD><U+0DCA> <U+0D91><U+0D9A><U+0DA7><U+0DAD><U+0DCA> <U+0D9C><U+0DDC><U+0DA9><U+0DC0><U+0DD9><U+0DBD><U+0DCF> <U+0DBA><U+0DB1><U+0DCA><U+0DB1>...","https://i.ytimg.com/vi/vCA_V9i6L98/default.jpg","120","90","https://i.ytimg.com/vi/vCA_V9i6L98/mqdefault.jpg","320","180","https://i.ytimg.com/vi/vCA_V9i6L98/hqdefault.jpg","480","360","Sri Lanka Elle","none",68,1,0,0,0,10,2019
"_2CVMf8ZZRQ",2018-09-05,"UCOkrld1FHoM_VMMjaeMekug","top 21 highest paid bloggers earning 40 000 per month","Pro Blogger Course: https://createandgocourses.com/p/pro-blogger-bundle The course above is a bundle of our best-selling blogging courses: 1. Launch You ...","https://i.ytimg.com/vi/_2CVMf8ZZRQ/default.jpg","120","90","https://i.ytimg.com/vi/_2CVMf8ZZRQ/mqdefault.jpg","320","180","https://i.ytimg.com/vi/_2CVMf8ZZRQ/hqdefault.jpg","480","360","Create and Go","none",30764,499,31,0,104,9,2018
"tZ0LDqhL-kA",2015-02-13,"UCopO5Y7Fi2HeVgEB7qJawVA","tricks for writing popular blog posts","Read full blog here-- ...","https://i.ytimg.com/vi/tZ0LDqhL-kA/default.jpg","120","90","https://i.ytimg.com/vi/tZ0LDqhL-kA/mqdefault.jpg","320","180","https://i.ytimg.com/vi/tZ0LDqhL-kA/hqdefault.jpg","480","360","Shweiki Media","none",3349,7,0,0,0,2,2015
"1A2hAozGDnk",2019-08-27,"UCGvsbW80q0yJw9r3I1f95QA","elisa lam theories and more","The case of Elisa Lam has boggled peoples minds for years. I am hoping to bring some clarity to this case. Welcome to our channel all you lovely creatures!","https://i.ytimg.com/vi/1A2hAozGDnk/default.jpg","120","90","https://i.ytimg.com/vi/1A2hAozGDnk/mqdefault.jpg","320","180","https://i.ytimg.com/vi/1A2hAozGDnk/hqdefault.jpg","480","360","Madam Strange","none",50,4,0,0,0,8,2019
"ibfo2iz54I4",2008-08-29,"UClxb3xL_UCSd6DgbzuNyfVg","blogday 2008 telurica 461","Hoy celebramos el Blog Day, el Día de los Blogs! En esta fiesta, que inició Nir Ofir, los bloggers hacen un post recomendando cinco nuevos blogs para que sus ...","https://i.ytimg.com/vi/ibfo2iz54I4/default.jpg","120","90","https://i.ytimg.com/vi/ibfo2iz54I4/mqdefault.jpg","320","180","https://i.ytimg.com/vi/ibfo2iz54I4/hqdefault.jpg","480","360","teluricatv","none",27851,23,2,0,8,8,2008
"pEUA_YXjZNY",2019-10-15,"UCGyhCn52ork3QWb0UlCy-OA","sri lanka elle <U+0D9A><U+0DD4><U+0DC3><U+0DBD><U+0DAF><U+0DCF><U+0DC3> <U+0D9A><U+0DBB><U+0DD4><U+0DAB><U+0DCF><U+0DBB><U+0DAD><U+0DCA><U+0DB1> <U+0DB8><U+0DD0><U+0DAF><U+0D9A><U+0DDC><U+0DC5><U+0D94> <U+0DC1><U+0DCA><U+200D><U+0DBB><U+0DD3> <U+0DC0><U+0DD2><U+0DA2><U+0DBA> 1960 <U+0DAF><U+0DC1><U+0D9A><U+0DBA><U+0DDA> <U+0DC3><U+0DD2><U+0DA7><U+0DD2> <U+0DAF><U+0D9A><U+0DCA><U+0DC2><U+0DAD><U+0DB8> <U+0D91><U+0DBD><U+0DCA><U+0DBD><U+0DDA> <U+0D9A><U+0DCA><U+200D><U+0DBB><U+0DD3><U+0DA9><U+0D9A><U+0DBA><U+0DD9><U+0D9A><U+0DD4> <U+0DC0><U+0DD2><U+0DBA>","Subscribe Me: https://www.youtube.com/channel/UCGyhCn52ork3QWb0UlCy-OA?sub_confirmation=1 <U+0D87><U+0DAD><U+0DCA><U+0DAD><U+0DB8><U+0DBA><U+0DD2>..<U+0D85><U+0DB4><U+0DDA> <U+0DA0><U+0DD0><U+0DB1><U+0DBD><U+0DCA> <U+0D91><U+0D9A><U+0DA7><U+0DAD><U+0DCA> <U+0D9C><U+0DDC><U+0DA9><U+0DC0><U+0DD9><U+0DBD><U+0DCF> <U+0DBA><U+0DB1><U+0DCA><U+0DB1>...","https://i.ytimg.com/vi/pEUA_YXjZNY/default.jpg","120","90","https://i.ytimg.com/vi/pEUA_YXjZNY/mqdefault.jpg","320","180","https://i.ytimg.com/vi/pEUA_YXjZNY/hqdefault.jpg","480","360","Sri Lanka Elle","none",100,3,0,0,1,10,2019
"VacqBkJMofo",2019-07-20,"UCafCiSnC9iMRB7Dv7a68Ixw","is the shale boom over","Multiple data points continue to show that the boom in the shale basins is slowing. Companies are cutting back investment in new production as cashflows and ...","https://i.ytimg.com/vi/VacqBkJMofo/default.jpg","120","90","https://i.ytimg.com/vi/VacqBkJMofo/mqdefault.jpg","320","180","https://i.ytimg.com/vi/VacqBkJMofo/hqdefault.jpg","480","360","John Polomny","none",1215,37,2,0,6,7,2019
"bwPfJAx6gOk",2014-07-01,"UCS6YmKmUwAtH9NYSX-TZrjQ","kuta bali walking down jl legian amp poppies ii","Just a video to show people what the busiest street in Bali looks like through the day I write posts about my travel experiences on my blog, check it out here: ...","https://i.ytimg.com/vi/bwPfJAx6gOk/default.jpg","120","90","https://i.ytimg.com/vi/bwPfJAx6gOk/mqdefault.jpg","320","180","https://i.ytimg.com/vi/bwPfJAx6gOk/hqdefault.jpg","480","360","MJT","none",1826,1,0,0,0,7,2014
"z5Ox3G5aN1Y",2017-08-03,"UCsa9wHngzcwSwdBRn9rMLHQ","make a best youtube channel intro","Its intro video to all new people the are come & subscribe our channel thats y i will upload the videos IF U LIKE THAN SUBSCRIBE OUR CHANNEL ...","https://i.ytimg.com/vi/z5Ox3G5aN1Y/default.jpg","120","90","https://i.ytimg.com/vi/z5Ox3G5aN1Y/mqdefault.jpg","320","180","https://i.ytimg.com/vi/z5Ox3G5aN1Y/hqdefault.jpg","480","360","A1 BLOGS","none",25,26,0,0,0,8,2017
"1c0vCgk7YOc",2014-09-20,"UC2QfralkpSNApY81B8Fp8Eg","beginner 39 s guide to sewing episode 14 alterations part 1 darning and shortening pant hems","https://www.sewingpartsonline.com/?utm_source=Youtube&utm_medium=product Welcome back to the Beginner's Guide to Sewing! Alterations and mending ...","https://i.ytimg.com/vi/1c0vCgk7YOc/default.jpg","120","90","https://i.ytimg.com/vi/1c0vCgk7YOc/mqdefault.jpg","320","180","https://i.ytimg.com/vi/1c0vCgk7YOc/hqdefault.jpg","480","360","Sewing Parts Online","none",45825,670,17,0,27,9,2014
"DTLyc6Latcg",2016-12-01,"UC1jeb7HycdKd-jiNjELHeqg","kaley cuoco la chica 39 tonta 39 y picante de la tele cumple 31 años qué me dices","La protagonista femenina de la serie 'The Big Bang Theory', Kaley Cuoco ha cumplido 31 años este 30 de noviembre. Repasamos su trayectoria desde que era ...","https://i.ytimg.com/vi/DTLyc6Latcg/default.jpg","120","90","https://i.ytimg.com/vi/DTLyc6Latcg/mqdefault.jpg","320","180","https://i.ytimg.com/vi/DTLyc6Latcg/hqdefault.jpg","480","360","Revista Qué Me Dices!","none",73,1,0,0,0,12,2016
"hz791Sc2tQ8",2019-11-16,"UCGyhCn52ork3QWb0UlCy-OA","sri lanka elle <U+0D91><U+0DA0><U+0DCA> <U+0D8A> <U+0DB4><U+0DCA><U+200D><U+0DBB><U+0DB1><U+0DCF><U+0DB1><U+0DCA><U+0DAF><U+0DD4> <U+0DB1><U+0DDC><U+0DC4><U+0DDC><U+0DAD><U+0DCA> <U+0DC0><U+0DDC><U+0DBD><U+0DD2><U+0DB6><U+0DDD><U+0DBD><U+0DCA> <U+0DC3><U+0DD4><U+0DAF><U+0DCF> 1960 1970","Subscribe Me: https://www.youtube.com/channel/UCGyhCn52ork3QWb0UlCy-OA?sub_confirmation=1 <U+0D87><U+0DAD><U+0DCA><U+0DAD><U+0DB8><U+0DBA><U+0DD2>..<U+0D85><U+0DB4><U+0DDA> <U+0DA0><U+0DD0><U+0DB1><U+0DBD><U+0DCA> <U+0D91><U+0D9A><U+0DA7><U+0DAD><U+0DCA> <U+0D9C><U+0DDC><U+0DA9><U+0DC0><U+0DD9><U+0DBD><U+0DCF> <U+0DBA><U+0DB1><U+0DCA><U+0DB1>...","https://i.ytimg.com/vi/hz791Sc2tQ8/default.jpg","120","90","https://i.ytimg.com/vi/hz791Sc2tQ8/mqdefault.jpg","320","180","https://i.ytimg.com/vi/hz791Sc2tQ8/hqdefault.jpg","480","360","Sri Lanka Elle","none",50,3,1,0,1,11,2019
"fIM8gXhz6FY",2013-02-12,"UCHJBxsIDSBLZJvJaVD7AFyg","minuto 91 finalista de los premios 20 blogs en ser madrid oeste","Charla en Hoy por Hoy Ser Madrid Oeste con Víctor Guillén Pérez con motivo de la nominación de Minuto 91 a los Premios 20 Blogs de 20 Minutos. Emitido el ...","https://i.ytimg.com/vi/fIM8gXhz6FY/default.jpg","120","90","https://i.ytimg.com/vi/fIM8gXhz6FY/mqdefault.jpg","320","180","https://i.ytimg.com/vi/fIM8gXhz6FY/hqdefault.jpg","480","360","Minuto 91 Blog","none",78,4,0,0,0,2,2013
"KKmlLozKf8E",2019-02-25,"UCV2CdBb3JyWOOySefa6m6mA","world economic forum video malawi","Malawi is planting bamboo to fight against climate change and restore the forests. Seedlings planted in Malawi is supplied by Bambu Nusa Verde in Yogyakarta.","https://i.ytimg.com/vi/KKmlLozKf8E/default.jpg","120","90","https://i.ytimg.com/vi/KKmlLozKf8E/mqdefault.jpg","320","180","https://i.ytimg.com/vi/KKmlLozKf8E/hqdefault.jpg","480","360","bambunusaverde Indonesia","none",206,4,0,0,0,2,2019
"PHnnHMNUQnI",2008-07-30,"UClxb3xL_UCSd6DgbzuNyfVg","celulares telurica 439","Casi todos tenemos un celular o teléfono móvil sin saber todo lo que puede hacer. Algunos quieren preparar pop corn o cocer un huevo; otros aseguran que se ...","https://i.ytimg.com/vi/PHnnHMNUQnI/default.jpg","120","90","https://i.ytimg.com/vi/PHnnHMNUQnI/mqdefault.jpg","320","180","https://i.ytimg.com/vi/PHnnHMNUQnI/hqdefault.jpg","480","360","teluricatv","none",29142,36,4,0,20,7,2008
"_VxHjxQ8DRc",2008-07-15,"UClxb3xL_UCSd6DgbzuNyfVg","ecologia telurica 428","La preocupación ecológica llega a la web y los blogs. En España buscan unirse al Proyecto Gran Simio. Al Gore, en el documental Una verdad incómoda, ...","https://i.ytimg.com/vi/_VxHjxQ8DRc/default.jpg","120","90","https://i.ytimg.com/vi/_VxHjxQ8DRc/mqdefault.jpg","320","180","https://i.ytimg.com/vi/_VxHjxQ8DRc/hqdefault.jpg","480","360","teluricatv","none",13370,30,0,0,8,7,2008
"epHvfvd6edU",2019-09-11,"UC7Wyuc7HQXbC70GGqVLl9mQ","easy ways to make coins in fifa 20 fifa 20 ultimate team","thanks for watching beauties twitter: https://www.twitter.com/runthefutmarket twitch: https://www.twitch.tv/runthefutmarket instagram: ...","https://i.ytimg.com/vi/epHvfvd6edU/default.jpg","120","90","https://i.ytimg.com/vi/epHvfvd6edU/mqdefault.jpg","320","180","https://i.ytimg.com/vi/epHvfvd6edU/hqdefault.jpg","480","360","Nick - RunTheFUTMarket","none",192798,4874,166,0,583,9,2019
"_vU9Ciuejmk",2013-08-14,"UC2QfralkpSNApY81B8Fp8Eg","how to tell the fiber content of fabric","https://www.sewingpartsonline.com/snap-on-presser-feet-set-low-shank-11-piece.aspx?utm_source=Youtube&utm_medium=Product Not sure what your fabric ...","https://i.ytimg.com/vi/_vU9Ciuejmk/default.jpg","120","90","https://i.ytimg.com/vi/_vU9Ciuejmk/mqdefault.jpg","320","180","https://i.ytimg.com/vi/_vU9Ciuejmk/hqdefault.jpg","480","360","Sewing Parts Online","none",40474,337,12,0,24,8,2013
"OsXWJOb58Nw",2019-09-24,"UCGyhCn52ork3QWb0UlCy-OA","sri lanka elle <U+0DBB><U+0DA7> <U+0DC0><U+0DD9><U+0DB1><U+0DD4><U+0DC0><U+0DD9><U+0DB1><U+0DCA> <U+0DBA><U+0DD4><U+0DAF><U+0DCA><U+0DB0><U+0DBA><U+0DDA><U+0DAF><U+0DD3> <U+0D86><U+0DB7><U+0DCF><U+0DAF><U+0DBA><U+0DB1><U+0DCA><U+0DA7> <U+0DB4><U+0DAD><U+0DCA> <U+0DBB><U+0DAB><U+0DC0><U+0DD2><U+0DBB><U+0DD0><U+0DC0><U+0DB1><U+0DCA><U+0D9C><U+0DDA> <U+0D8B><U+0DB4><U+0DC0><U+0DCF><U+0DC3><U+0DBA> 2019 <U+0DC3><U+0DD0><U+0DB4><U+0DCA><U+0DAD><U+0DD0><U+0DB8><U+0DCA><U+0DB6><U+0DBB><U+0DCA> <U+0DB8><U+0DC3> 23 <U+0DAF><U+0DD2><U+0DB1>","Subscribe us: https://www.youtube.com/channel/UCGyh..... Subscribe us:. Web Page : http://www.srilankaelle.com/ Web Page Watch more videos: ...","https://i.ytimg.com/vi/OsXWJOb58Nw/default.jpg","120","90","https://i.ytimg.com/vi/OsXWJOb58Nw/mqdefault.jpg","320","180","https://i.ytimg.com/vi/OsXWJOb58Nw/hqdefault.jpg","480","360","Sri Lanka Elle","none",60,4,0,0,0,9,2019
"vlXCcEqGwRQ",2009-08-14,"UCSgym7UL_LlLBu71BhQXlrA","50 cent carck a bottle i get money urban dance 2 lima 2009","Vota por MiladoRec.Com en la categoría Entretenimiento a los ""20 blogs peruanos"" http://bit.ly/Cfubd Urban Dance 2 Explanada Estadio Monumental.","https://i.ytimg.com/vi/vlXCcEqGwRQ/default.jpg","120","90","https://i.ytimg.com/vi/vlXCcEqGwRQ/mqdefault.jpg","320","180","https://i.ytimg.com/vi/vlXCcEqGwRQ/hqdefault.jpg","480","360","miladoREC","none",3450,11,0,0,0,8,2009
"LlCHzjUk-Ak",2016-07-22,"UCMx2Cx8wctNEtUkFNn_zC9g","speed drawing chibi america hetalia","BUY DRAWINGS AND PRINTS --- http://hideakiart.bigcartel.com/ <U+27A4>BECOME A PATRON --- https://www.patreon.com/hideakiart <U+27A4>My PayPal ...","https://i.ytimg.com/vi/LlCHzjUk-Ak/default.jpg","120","90","https://i.ytimg.com/vi/LlCHzjUk-Ak/mqdefault.jpg","320","180","https://i.ytimg.com/vi/LlCHzjUk-Ak/hqdefault.jpg","480","360","Hideaki Art","none",2468,179,2,0,30,7,2016
"XFQOV7rjffM",2019-05-14,"UCn-Pn55gA8PzZJSRDCrWuVg","how to become a millionaire bill gates 3 rules to become millionaire or get rich hindi","How to become a Millionaire or get rich, who can tell you this better than bill gates..! read life-changing blogs daily here ...","https://i.ytimg.com/vi/XFQOV7rjffM/default.jpg","120","90","https://i.ytimg.com/vi/XFQOV7rjffM/mqdefault.jpg","320","180","https://i.ytimg.com/vi/XFQOV7rjffM/hqdefault.jpg","480","360","Suyash LoneWolf","none",27,3,0,0,0,5,2019
"Aok564K9SBA",2019-09-25,"UCGyhCn52ork3QWb0UlCy-OA","sri lanka elle <U+0DBB><U+0DA7> <U+0DC0><U+0DD9><U+0DB1><U+0DD4><U+0DC0><U+0DD9><U+0DB1><U+0DCA> <U+0DBA><U+0DD4><U+0DAF><U+0DCA><U+0DB0><U+0DBA><U+0DDA><U+0DAF><U+0DD3> <U+0D86><U+0DB7><U+0DCF><U+0DAF><U+0DBA><U+0DB1><U+0DCA><U+0DA7> <U+0DB4><U+0DAD><U+0DCA> <U+0DBB><U+0DAB><U+0DC0><U+0DD2><U+0DBB><U+0DD0><U+0DC0><U+0DB1><U+0DCA><U+0D9C><U+0DDA> <U+0D8B><U+0DB4><U+0DC0><U+0DCF><U+0DC3><U+0DBA> 2019 <U+0DC3><U+0DD0><U+0DB4><U+0DCA><U+0DAD><U+0DD0><U+0DB8><U+0DCA><U+0DB6><U+0DBB><U+0DCA> <U+0DB8><U+0DC3> 24 <U+0DAF><U+0DD2><U+0DB1>","Subscribe us: https://www.youtube.com/channel/UCGyh..... Subscribe us:. Web Page : http://www.srilankaelle.com/ Web Page Watch more videos: ...","https://i.ytimg.com/vi/Aok564K9SBA/default.jpg","120","90","https://i.ytimg.com/vi/Aok564K9SBA/mqdefault.jpg","320","180","https://i.ytimg.com/vi/Aok564K9SBA/hqdefault.jpg","480","360","Sri Lanka Elle","none",57,3,0,0,0,9,2019
"mIe2n4VcMEc",2009-08-14,"UCSgym7UL_LlLBu71BhQXlrA","50 cent hands up high ayo technology urban dance 2 lima 2009","Vota por MiladoRec.Com en la categoría Entretenimiento a los ""20 blogs peruanos"" http://bit.ly/Cfubd Urban Dance 2 Explanada Estadio Monumental.","https://i.ytimg.com/vi/mIe2n4VcMEc/default.jpg","120","90","https://i.ytimg.com/vi/mIe2n4VcMEc/mqdefault.jpg","320","180","https://i.ytimg.com/vi/mIe2n4VcMEc/hqdefault.jpg","480","360","miladoREC","none",5255,8,2,0,0,8,2009
"nDhUGej1Emo",2017-03-02,"UCADzxCjCQJ0bVsooTGS4AbA","goli kd ft gajander phogat latest 2019 new song","Subscribe To My YouTube Channel* http://www.youtube.com/lodhaniamovies *Follow on Instagram* https://www.instagram.com/rahullodhania/ *Follow on ...","https://i.ytimg.com/vi/nDhUGej1Emo/default.jpg","120","90","https://i.ytimg.com/vi/nDhUGej1Emo/mqdefault.jpg","320","180","https://i.ytimg.com/vi/nDhUGej1Emo/hqdefault.jpg","480","360","LODHANIA MOVIES","none",1011,47,2,0,1,3,2017
"w0fL5Ki4JGA",2008-08-11,"UClxb3xL_UCSd6DgbzuNyfVg","el amor en tiempos de arrobas telurica 447","El amor está en todos los seres, incluso en los animales, y hasta en el internet. Aunque las cartas de amor pueden desaparecer, hay dominios que aluden a él.","https://i.ytimg.com/vi/w0fL5Ki4JGA/default.jpg","120","90","https://i.ytimg.com/vi/w0fL5Ki4JGA/mqdefault.jpg","320","180","https://i.ytimg.com/vi/w0fL5Ki4JGA/hqdefault.jpg","480","360","teluricatv","none",17528,35,3,0,11,8,2008
"7adGbG85QoE",2008-07-15,"UClxb3xL_UCSd6DgbzuNyfVg","navegadores de internet telurica 429","Mozilla Firefox 3 logró batir el récord y desde el Download Day lleva 28 millones de descargas. Mientras tanto, Internet Explorer lanza su versión 8 beta 1 en ...","https://i.ytimg.com/vi/7adGbG85QoE/default.jpg","120","90","https://i.ytimg.com/vi/7adGbG85QoE/mqdefault.jpg","320","180","https://i.ytimg.com/vi/7adGbG85QoE/hqdefault.jpg","480","360","teluricatv","none",27654,49,8,0,20,7,2008
"mPNgbzJcWhk",2019-08-21,"UCnAkgsE5qsLaU4Uyaev3fnA","victims of a throwaway culture by titles teams","Victims of a throwaway culture. This is what the world's waste does to people in poorer countries It's contaminating our oceans. It's clogging our drains and ...","https://i.ytimg.com/vi/mPNgbzJcWhk/default.jpg","120","90","https://i.ytimg.com/vi/mPNgbzJcWhk/mqdefault.jpg","320","180","https://i.ytimg.com/vi/mPNgbzJcWhk/hqdefault.jpg","480","360","Titles Teams","none",5,2,0,0,0,8,2019
"JKvE0wXc3lU",2019-09-03,"UC3k9fDWdO5MWdCZrB2S-6cA","entrevista a berta franco en bbc ariel sobre el blog 39 mundo tinnitus 39","Entrevista a Berta Franco en la publicación de la BBC, Ariel, sobre el blog 'Mundo Tinnitus' para dar a conocer el problema del tinnitus o acúfenos, que sufren ...","https://i.ytimg.com/vi/JKvE0wXc3lU/default.jpg","120","90","https://i.ytimg.com/vi/JKvE0wXc3lU/mqdefault.jpg","320","180","https://i.ytimg.com/vi/JKvE0wXc3lU/hqdefault.jpg","480","360","Berta Franco","none",609,8,2,0,0,9,2019
"4rF9Y_pi6q0",2008-08-06,"UClxb3xL_UCSd6DgbzuNyfVg","medios nuevos y extraños de transporte telurica 444","Para hacer más práctico nuestro transporte, se ha inventado el Segway y el Winglet, además de los autos eléctricos, de todas formas y tamaños. Algunos dicen ...","https://i.ytimg.com/vi/4rF9Y_pi6q0/default.jpg","120","90","https://i.ytimg.com/vi/4rF9Y_pi6q0/mqdefault.jpg","320","180","https://i.ytimg.com/vi/4rF9Y_pi6q0/hqdefault.jpg","480","360","teluricatv","none",15816,32,5,0,7,8,2008
"vtmpHuHKdMc",2019-07-11,"UCkuhvS6P68pAhbTDgrIvsSg","tour summer fun pop up album for graphic 45 by vera shelemekh","[Tour] Summer Fun Pop-Up Album for Graphic 45 by Vera Shelemekh This album will keep the best moments of summer vacation and pop up techniques make ...","https://i.ytimg.com/vi/vtmpHuHKdMc/default.jpg","120","90","https://i.ytimg.com/vi/vtmpHuHKdMc/mqdefault.jpg","320","180","https://i.ytimg.com/vi/vtmpHuHKdMc/hqdefault.jpg","480","360","Graphic 45","none",1564,112,1,0,13,7,2019
"VdESfdBrdO0",2008-07-18,"UClxb3xL_UCSd6DgbzuNyfVg","shakira telurica 431","Shakira tiene fans de toda edad, y detractores: algunos la acusan de copiar canciones y estilos. Sin embargo, ella hace obras de caridad y entre sus seguidores ...","https://i.ytimg.com/vi/VdESfdBrdO0/default.jpg","120","90","https://i.ytimg.com/vi/VdESfdBrdO0/mqdefault.jpg","320","180","https://i.ytimg.com/vi/VdESfdBrdO0/hqdefault.jpg","480","360","teluricatv","none",31069,37,8,0,12,7,2008
"42eDrH4m4cs",2019-09-30,"UCGyhCn52ork3QWb0UlCy-OA","sri lanka elle <U+0DC4><U+0DDA><U+0DB8> <U+0DC1><U+0DCA><U+200D><U+0DBB><U+0DD3> <U+0D85><U+0DB8><U+0DBB><U+0DC3><U+0DD2><U+0D82><U+0DC4> <U+0DB8><U+0DC4><U+0DAD><U+0DCF><U+0DB1><U+0DB1><U+0DCA> <U+0DBD><U+0DD2><U+0DBA><U+0DB1> <U+0DBD><U+0DAF> <U+0DA2><U+0DD3><U+0DC0><U+0DD2><U+0DAD><U+0DBA><U+0DA7> <U+0D9C><U+0DCA><U+200D><U+0DBB><U+0DC4><U+0DA0><U+0DCF><U+0DBB><U+0DBA> <U+0D9C><U+0DCA><U+200D><U+0DBB><U+0DB1><U+0DCA><U+0DAE><U+0DBA> <U+0D91><U+0DC5><U+0DD3> <U+0DAF><U+0DD0><U+0D9A><U+0DCA><U+0DB8> 2019 09 29","<U+0DC4><U+0DDA><U+0DB8> <U+0DC1><U+0DCA><U+200D><U+0DBB><U+0DD3> <U+0D85><U+0DB8><U+0DBB><U+0DC3><U+0DD2><U+0D82><U+0DC4> <U+0DB8><U+0DC4><U+0DAD><U+0DCF><U+0DB1><U+0DB1><U+0DCA> <U+0DBD><U+0DD2><U+0DBA><U+0DB1> <U+0DBD><U+0DAF> <U+0DA2><U+0DD3><U+0DC0><U+0DD2><U+0DAD><U+0DBA><U+0DA7> <U+0D9C><U+0DCA><U+200D><U+0DBB><U+0DC4><U+0DA0><U+0DCF><U+0DBB><U+0DBA> <U+0DB1><U+0DD0><U+0DB8><U+0DAD><U+0DD2> <U+0D9C><U+0DCA><U+200D><U+0DBB><U+0DB1><U+0DCA><U+0DAE><U+0DBA> <U+0D91><U+0DC5><U+0DD3>...","https://i.ytimg.com/vi/42eDrH4m4cs/default.jpg","120","90","https://i.ytimg.com/vi/42eDrH4m4cs/mqdefault.jpg","320","180","https://i.ytimg.com/vi/42eDrH4m4cs/hqdefault.jpg","480","360","Sri Lanka Elle","none",73,1,0,0,0,9,2019
"st5WftFanC4",2013-07-04,"UCtgZ6QxtNO44xzKrMXRO0ew","role of singapore 39 s social media in recent haze problem 04jul2013","SINGAPORE: The power of social media was evident when Singapore grappled with the recent haze problem. It has proven to be both a resource and bane for ...","https://i.ytimg.com/vi/st5WftFanC4/default.jpg","120","90","https://i.ytimg.com/vi/st5WftFanC4/mqdefault.jpg","320","180","https://i.ytimg.com/vi/st5WftFanC4/hqdefault.jpg","480","360","154thmedia2013","none",659,1,0,0,0,7,2013
"0rKhQ1VXL1U",2015-12-26,"UCiL0s0Gja_lA47pVhLVsZxw","top 20 earning blogs 2016","List of 20 blogs that top the income revenue list. This list is best regard as estimated list or best guess as it almost impossible to accurately give what each blog ...","https://i.ytimg.com/vi/0rKhQ1VXL1U/default.jpg","120","90","https://i.ytimg.com/vi/0rKhQ1VXL1U/mqdefault.jpg","320","180","https://i.ytimg.com/vi/0rKhQ1VXL1U/hqdefault.jpg","480","360","Shamsudeen Adeshokan","none",36,1,0,0,0,12,2015
"gnzY-1z1uD0",2016-03-05,"UCMM4i8WZSu2rILCxEznShiQ","5 awesome facts about google","Google is the most used website on the entire internet. Here are 5 awesome facts about Google! Credits: Title: http://p1.pichost.me/i/57/1815838.jpg Countdown: ...","https://i.ytimg.com/vi/gnzY-1z1uD0/default.jpg","120","90","https://i.ytimg.com/vi/gnzY-1z1uD0/mqdefault.jpg","320","180","https://i.ytimg.com/vi/gnzY-1z1uD0/hqdefault.jpg","480","360","RichLife Fives","none",97,6,0,0,0,3,2016
"07Pv1FbflPY",2017-01-26,"UC2QfralkpSNApY81B8Fp8Eg","how to use a walking foot updated","https://www.sewingpartsonline.com/?utm_source=Youtube&utm_medium=product Are you having trouble feeding your fabric? Do your layers shift while sewing ...","https://i.ytimg.com/vi/07Pv1FbflPY/default.jpg","120","90","https://i.ytimg.com/vi/07Pv1FbflPY/mqdefault.jpg","320","180","https://i.ytimg.com/vi/07Pv1FbflPY/hqdefault.jpg","480","360","Sewing Parts Online","none",51816,734,5,0,76,1,2017
"ggVDW1r9Sh8",2008-08-04,"UClxb3xL_UCSd6DgbzuNyfVg","inventos buenos para nada telurica 442","Hay inventos útiles y otros que no lo son, como los chindogu, para los usos menos imaginados. Están también las muletas asiento y las muletas con bolsillos; ...","https://i.ytimg.com/vi/ggVDW1r9Sh8/default.jpg","120","90","https://i.ytimg.com/vi/ggVDW1r9Sh8/mqdefault.jpg","320","180","https://i.ytimg.com/vi/ggVDW1r9Sh8/hqdefault.jpg","480","360","teluricatv","none",22687,51,19,0,9,8,2008
"rxWKQl4H27k",2008-08-14,"UClxb3xL_UCSd6DgbzuNyfVg","amy winehouse telurica 451","Amy Winehaouse, la famosa intérprete de Rehab ha sido rechazada para componer el tema de la última película de James Bond, y aunque no ingresará a los ...","https://i.ytimg.com/vi/rxWKQl4H27k/default.jpg","120","90","https://i.ytimg.com/vi/rxWKQl4H27k/mqdefault.jpg","320","180","https://i.ytimg.com/vi/rxWKQl4H27k/hqdefault.jpg","480","360","teluricatv","none",39497,23,15,0,18,8,2008
"kYICD4SaCLw",2018-09-02,"UChxkFSjTE7nLCHsDk8_pRhg","fashion trends fall 2018 winter 2019 amp how to wear them | justine leconte","For fall 2018 / winter 2019, the fashion trends are not completely new: I'd say that designers are re-inventing moods that we had seen before (hint: 1980's!).","https://i.ytimg.com/vi/kYICD4SaCLw/default.jpg","120","90","https://i.ytimg.com/vi/kYICD4SaCLw/mqdefault.jpg","320","180","https://i.ytimg.com/vi/kYICD4SaCLw/hqdefault.jpg","480","360","Justine Leconte officiel","none",255276,13395,144,0,701,9,2018
"avUPui3BY_Y",2020-02-05,"UCcJBrcwyjfDK8L_YnqpkAIQ","how to make money from home make 50 an hour best ways to make money online in 2020","In this video, I talk about my BEST ways to make money online in 2020 and beyond and how to make money from home even as a kid or teenager. My methods ...","https://i.ytimg.com/vi/avUPui3BY_Y/default.jpg","120","90","https://i.ytimg.com/vi/avUPui3BY_Y/mqdefault.jpg","320","180","https://i.ytimg.com/vi/avUPui3BY_Y/hqdefault.jpg","480","360","Tjcoolmoss","none",132,22,0,0,18,2,2020
"mnG5ST-x73I",2019-07-11,"UCkuhvS6P68pAhbTDgrIvsSg","tutorial 3d pop up paper boat for graphic 45 by vera shelemekh","[Tutorial] Summer Fun Pop-Up Album for Graphic 45 by Vera Shelemekh This album will keep the best moments of summer vacation and pop up techniques ...","https://i.ytimg.com/vi/mnG5ST-x73I/default.jpg","120","90","https://i.ytimg.com/vi/mnG5ST-x73I/mqdefault.jpg","320","180","https://i.ytimg.com/vi/mnG5ST-x73I/hqdefault.jpg","480","360","Graphic 45","none",1146,76,2,0,11,7,2019
"NSWLT9WQrUA",2008-08-20,"UClxb3xL_UCSd6DgbzuNyfVg","linux telurica 454","Linux, el sistema operativo de codigo abierto, puede implementarse según nuestras necesidades y tiene una serie de ventajas que lo hacen uno de los ...","https://i.ytimg.com/vi/NSWLT9WQrUA/default.jpg","120","90","https://i.ytimg.com/vi/NSWLT9WQrUA/mqdefault.jpg","320","180","https://i.ytimg.com/vi/NSWLT9WQrUA/hqdefault.jpg","480","360","teluricatv","none",22153,66,4,0,31,8,2008
"Awv4Xh_xIJ0",2019-08-10,"UCGyhCn52ork3QWb0UlCy-OA","kangen water sinhala <U+0D9A><U+0DD0><U+0DB1><U+0DCA><U+0D9C><U+0DB1><U+0DCA> <U+0DC0><U+0DAD><U+0DD4><U+0DBB> <U+0DAF><U+0DD2><U+0DBA><U+0DC0><U+0DD0><U+0DA9><U+0DD2><U+0DBA><U+0DCF> <U+0DAD><U+0DD4><U+0DC0><U+0DCF><U+0DBD><U+0DBA><U+0D9A><U+0DCA> <U+0DC3><U+0DD4><U+0DC0><U+0DB4><U+0DAD><U+0DCA> <U+0DC0><U+0DB1> <U+0D85><U+0DBA><U+0DD4><U+0DBB><U+0DD0> <U+0D85><U+0DB8><U+0DAD><U+0DB1><U+0DCA><U+0DB1> 0718669451 0332262409","Subscribe us: https://www.youtube.com/channel/UCGyh..... Subscribe us:. Web Page : http://www.srilankaelle.com/ Web Page Watch more videos: ...","https://i.ytimg.com/vi/Awv4Xh_xIJ0/default.jpg","120","90","https://i.ytimg.com/vi/Awv4Xh_xIJ0/mqdefault.jpg","320","180","https://i.ytimg.com/vi/Awv4Xh_xIJ0/hqdefault.jpg","480","360","Sri Lanka Elle","none",79,0,0,0,0,8,2019
"0WB1zdT656o",2019-08-09,"UCGyhCn52ork3QWb0UlCy-OA","sri lanka elle <U+0D9A><U+0DD0><U+0DB1><U+0DCA><U+0D9C><U+0DB1><U+0DCA> <U+0DC0><U+0DAD><U+0DD4><U+0DBB> kangen water <U+0DB4><U+0DCF><U+0DB1><U+0DBA> <U+0D9A><U+0DBB> <U+0D95><U+0DB1><U+0DD1><U+0DB8> <U+0DBD><U+0DD9><U+0DA9><U+0D9A><U+0DCA> <U+0DC3><U+0DD4><U+0DC0> <U+0D9A><U+0DBB> <U+0D9C><U+0DAD> <U+0DC4><U+0DD0><U+0D9A>","Subscribe us: https://www.youtube.com/channel/UCGyh..... Subscribe us:. Web Page : http://www.srilankaelle.com/ Web Page Watch more videos: ...","https://i.ytimg.com/vi/0WB1zdT656o/default.jpg","120","90","https://i.ytimg.com/vi/0WB1zdT656o/mqdefault.jpg","320","180","https://i.ytimg.com/vi/0WB1zdT656o/hqdefault.jpg","480","360","Sri Lanka Elle","none",76,1,0,0,0,8,2019
"6ZxCjFvPN_8",2017-04-01,"UC9B2mdTaIZzYL8p6kvOX72w","how systemic racism has impacted the health of indigenous peoples in canada","Final project for ANTH-150 Sources (Videos/Photos and Info): 1. We Were Children. (2013, July 26). Retrieved March 26, 2017, from ...","https://i.ytimg.com/vi/6ZxCjFvPN_8/default.jpg","120","90","https://i.ytimg.com/vi/6ZxCjFvPN_8/mqdefault.jpg","320","180","https://i.ytimg.com/vi/6ZxCjFvPN_8/hqdefault.jpg","480","360","Prezzen77","none",391,7,0,0,0,4,2017
"NOZqFhRY6Tc",2008-07-22,"UClxb3xL_UCSd6DgbzuNyfVg","publicidad de tv telurica 433","La publicidad en televisión se vale de muchos recursos de la imaginación, así surgen historias de vaqueros de gatos, gaseosas explosivas y maneras rápidas ...","https://i.ytimg.com/vi/NOZqFhRY6Tc/default.jpg","120","90","https://i.ytimg.com/vi/NOZqFhRY6Tc/mqdefault.jpg","320","180","https://i.ytimg.com/vi/NOZqFhRY6Tc/hqdefault.jpg","480","360","teluricatv","none",23239,32,2,0,12,7,2008
"uRZyTj0OSiE",2008-08-25,"UClxb3xL_UCSd6DgbzuNyfVg","bloopers de cine telurica 457","Los bloopers y detrás de cámaras siempre nos harán reir, y hoy veremos algunos que nos trae Youtube de Harry Potter, Star Wars, High School Musical, Piratas ...","https://i.ytimg.com/vi/uRZyTj0OSiE/default.jpg","120","90","https://i.ytimg.com/vi/uRZyTj0OSiE/mqdefault.jpg","320","180","https://i.ytimg.com/vi/uRZyTj0OSiE/hqdefault.jpg","480","360","teluricatv","none",41320,50,12,0,8,8,2008
"cIJWk9l6fAA",2014-08-01,"UC2QfralkpSNApY81B8Fp8Eg","beginners guide to sewing episode 8 scrunchie and headband tutorial fan request","https://www.sewingpartsonline.com/?utm_source=Youtube&utm_medium=product Welcome back to the Beginner's Guide to Sewing! Last week you learned all ...","https://i.ytimg.com/vi/cIJWk9l6fAA/default.jpg","120","90","https://i.ytimg.com/vi/cIJWk9l6fAA/mqdefault.jpg","320","180","https://i.ytimg.com/vi/cIJWk9l6fAA/hqdefault.jpg","480","360","Sewing Parts Online","none",145398,2057,67,0,56,8,2014
"LP2dhzIa57Y",2014-08-08,"UC1sr02iJRDQUfebM4OGTt5g","the negro speaks of rivers langston hughes","SUBSCRIBE to Denieve https://www.youtube.com/channel/UC1sr02iJRDQUfebM4OGTt5g TWEET this video!","https://i.ytimg.com/vi/LP2dhzIa57Y/default.jpg","120","90","https://i.ytimg.com/vi/LP2dhzIa57Y/mqdefault.jpg","320","180","https://i.ytimg.com/vi/LP2dhzIa57Y/hqdefault.jpg","480","360","Denieve Manning","none",322,2,0,0,0,8,2014
"v5fVnivRZR0",2019-09-09,"UCqDVBDvTsdgeuNvOAc5JBDQ","toning brassy hair with overtone vibrant silver","In this video, I show how you can use VIBRANT silver daily conditioner to tone down brassy hair. I get my hair done professionally in a salon, but the toner seems ...","https://i.ytimg.com/vi/v5fVnivRZR0/default.jpg","120","90","https://i.ytimg.com/vi/v5fVnivRZR0/mqdefault.jpg","320","180","https://i.ytimg.com/vi/v5fVnivRZR0/hqdefault.jpg","480","360","Dana Briggs","none",3859,13,5,0,2,9,2019
"EihqZWH6aT4",2019-07-06,"UCl-Zrl0QhF66lu1aGXaTbfw","how many blog posts should you write per month","How Many Blog Posts Should You Write Per Month? // Everyone says content marketing works, but how much content should you be creating? One of the ...","https://i.ytimg.com/vi/EihqZWH6aT4/default.jpg","120","90","https://i.ytimg.com/vi/EihqZWH6aT4/mqdefault.jpg","320","180","https://i.ytimg.com/vi/EihqZWH6aT4/hqdefault.jpg","480","360","Neil Patel","none",22421,972,18,0,152,7,2019
"oIQuBkd8v1c",2015-06-14,"UC2QfralkpSNApY81B8Fp8Eg","sewing minis ep 5 mastering vinyl laminated faux leather fabric","https://www.sewingpartsonline.com/?utm_source=Youtube&utm_medium=product Have you ever wanted to sew stain-proof baby bibs or recycled grocery bags ...","https://i.ytimg.com/vi/oIQuBkd8v1c/default.jpg","120","90","https://i.ytimg.com/vi/oIQuBkd8v1c/mqdefault.jpg","320","180","https://i.ytimg.com/vi/oIQuBkd8v1c/hqdefault.jpg","480","360","Sewing Parts Online","none",45504,878,12,0,32,6,2015
"YbG4Z9zsPA8",2017-04-19,"UCMo67N7y64375f7MC2EekBA","projek gelandangan mif siri 1","Theme : Help & Give : Make The Homeless Smile ---------------------------------------- Assalamualaikum. Ini Merupakan Project Bantuan Gelandangan Yayasan ...","https://i.ytimg.com/vi/YbG4Z9zsPA8/default.jpg","120","90","https://i.ytimg.com/vi/YbG4Z9zsPA8/mqdefault.jpg","320","180","https://i.ytimg.com/vi/YbG4Z9zsPA8/hqdefault.jpg","480","360","MIF MALAYSIA","none",103,1,0,0,0,4,2017
"PaY3gTGpVHQ",2008-08-28,"UClxb3xL_UCSd6DgbzuNyfVg","jovenes leyendas telurica 460","Algunos actores murieron en plena juventud y despegue de sus carreras, como Brandon Lee y Heath Ledger, que según algunos compartirían una maldición.","https://i.ytimg.com/vi/PaY3gTGpVHQ/default.jpg","120","90","https://i.ytimg.com/vi/PaY3gTGpVHQ/mqdefault.jpg","320","180","https://i.ytimg.com/vi/PaY3gTGpVHQ/hqdefault.jpg","480","360","teluricatv","none",19531,35,5,0,7,8,2008
"jF_H_CZwCA0",2016-11-08,"UCO7l4fhD7S7AAZvMYwD3LHg","fall ootd cape printed tights and tartan hat","SUBSCRIBE & THUMBS UP IF YOU LIKE! :) Thank you for watching! xoxo, Social media links below :) MY FASHION BLOG: http://www.carolinapinglo.com/ ...","https://i.ytimg.com/vi/jF_H_CZwCA0/default.jpg","120","90","https://i.ytimg.com/vi/jF_H_CZwCA0/mqdefault.jpg","320","180","https://i.ytimg.com/vi/jF_H_CZwCA0/hqdefault.jpg","480","360","Carolina Pinglo","none",3901,47,1,0,6,11,2016
"1I4UxNZZP40",2008-08-12,"UClxb3xL_UCSd6DgbzuNyfVg","grandes momentos de la historia telurica 448","Los grandes momentos de la historia actual no sólo están en los libros, sino también en los blogs y en Youtube: los conciertos de grandes como los tres tenores ...","https://i.ytimg.com/vi/1I4UxNZZP40/default.jpg","120","90","https://i.ytimg.com/vi/1I4UxNZZP40/mqdefault.jpg","320","180","https://i.ytimg.com/vi/1I4UxNZZP40/hqdefault.jpg","480","360","teluricatv","none",13811,38,5,0,11,8,2008
"XFxsxY3eSRQ",2013-04-01,"UC2QfralkpSNApY81B8Fp8Eg","clover wonder clips","https://www.sewingpartsonline.com/?utm_source=Youtube&utm_medium=product These handy little clips are capable of handling big sewing jobs. Whether ...","https://i.ytimg.com/vi/XFxsxY3eSRQ/default.jpg","120","90","https://i.ytimg.com/vi/XFxsxY3eSRQ/mqdefault.jpg","320","180","https://i.ytimg.com/vi/XFxsxY3eSRQ/hqdefault.jpg","480","360","Sewing Parts Online","none",71629,214,8,0,8,4,2013
"z48sqey5tzk",2008-07-31,"UClxb3xL_UCSd6DgbzuNyfVg","boy bands telurica 440","Las Boy Bands aparecieron hace décadas y en varios géneros musicales. En América Latina, el mayor ejemplo ha sido Menudo, que aún tiene admiradores.","https://i.ytimg.com/vi/z48sqey5tzk/default.jpg","120","90","https://i.ytimg.com/vi/z48sqey5tzk/mqdefault.jpg","320","180","https://i.ytimg.com/vi/z48sqey5tzk/hqdefault.jpg","480","360","teluricatv","none",14305,36,8,0,14,7,2008
"qiLpNACDfGw",2008-06-29,"UCO5dnWbxNkTKDit4l_IriMw","flintstones dance mix","A REALLY wierd Flintstoned themed dance mix Music - www.fusionsoundmix.com Picture ...","https://i.ytimg.com/vi/qiLpNACDfGw/default.jpg","120","90","https://i.ytimg.com/vi/qiLpNACDfGw/mqdefault.jpg","320","180","https://i.ytimg.com/vi/qiLpNACDfGw/hqdefault.jpg","480","360","Iamtotalcoolness801","none",154937,342,29,0,29,6,2008
"0Ae7jQW1oGM",2008-07-29,"UClxb3xL_UCSd6DgbzuNyfVg","el perú en los blogs telurica 438","El Perú sigue festejando sus Fiestas Patrias y hay mucho que decir de él, por ejemplo en los blogs; algunos hablan de su comida, como el ceviche; otros ...","https://i.ytimg.com/vi/0Ae7jQW1oGM/default.jpg","120","90","https://i.ytimg.com/vi/0Ae7jQW1oGM/mqdefault.jpg","320","180","https://i.ytimg.com/vi/0Ae7jQW1oGM/hqdefault.jpg","480","360","teluricatv","none",13529,47,3,0,17,7,2008
"yedJFMqIDZU",2014-01-10,"UC2QfralkpSNApY81B8Fp8Eg","why you want to use a thread stand","https://www.sewingpartsonline.com/?utm_source=Youtube&utm_medium=product Help your thread feed better with the Alphasew Universal Thread Stand!","https://i.ytimg.com/vi/yedJFMqIDZU/default.jpg","120","90","https://i.ytimg.com/vi/yedJFMqIDZU/mqdefault.jpg","320","180","https://i.ytimg.com/vi/yedJFMqIDZU/hqdefault.jpg","480","360","Sewing Parts Online","none",74099,541,22,0,51,1,2014
"ZMNp5UbW2gg",2016-12-14,"UCgASt13C8mLCUF9xAjF-E8A","14 free online marketing strategies for promoting your music","14 free online marketing strategies for promoting your music. - http://selfmadesuccess.com Helpful Resources: ...","https://i.ytimg.com/vi/ZMNp5UbW2gg/default.jpg","120","90","https://i.ytimg.com/vi/ZMNp5UbW2gg/mqdefault.jpg","320","180","https://i.ytimg.com/vi/ZMNp5UbW2gg/hqdefault.jpg","480","360","Justin Bryant","none",2616,95,1,0,11,12,2016
"4WO7nwIKdnI",2017-04-17,"UC2QfralkpSNApY81B8Fp8Eg","how to use a circular sewing attachment","https://www.sewingpartsonline.com/?utm_source=Youtube&utm_medium=product This week we're learning all about the Circular Sewing Attachment.","https://i.ytimg.com/vi/4WO7nwIKdnI/default.jpg","120","90","https://i.ytimg.com/vi/4WO7nwIKdnI/mqdefault.jpg","320","180","https://i.ytimg.com/vi/4WO7nwIKdnI/hqdefault.jpg","480","360","Sewing Parts Online","none",20728,499,7,0,67,4,2017
"EIQ4KM4V02Q",2018-11-03,"UC_l7gcteyUbFoR1_T8P8GPA","food wastage statistics","By 2030 we could throw away more than 2 billion tonnes of food Foodwaste cost global economy $590B annually 815 Million people go hungry daily In U.S. ...","https://i.ytimg.com/vi/EIQ4KM4V02Q/default.jpg","120","90","https://i.ytimg.com/vi/EIQ4KM4V02Q/mqdefault.jpg","320","180","https://i.ytimg.com/vi/EIQ4KM4V02Q/hqdefault.jpg","480","360","Harjinder Singh","none",47,5,0,0,0,11,2018
"Q8QxdmZtJ94",2017-02-21,"UC2QfralkpSNApY81B8Fp8Eg","understanding bobbins what you need to know","https://www.sewingpartsonline.com/?utm_source=Youtube&utm_medium=product Did you know there are over 60 different bobbin styles available? Some are ...","https://i.ytimg.com/vi/Q8QxdmZtJ94/default.jpg","120","90","https://i.ytimg.com/vi/Q8QxdmZtJ94/mqdefault.jpg","320","180","https://i.ytimg.com/vi/Q8QxdmZtJ94/hqdefault.jpg","480","360","Sewing Parts Online","none",22084,338,6,0,39,2,2017
"qbwcEvi4qi8",2018-06-01,"UCZNSJ_8sQfn-JGJuSb3BI0g","gracie fields this is your life 21 3 1960","A rare copy of Gracie Fields This Is Your Life, guests Include: Norman Wisdom, Eva Turner and Carol Reed. Eamonn Andrews can be seen on the set of What's ...","https://i.ytimg.com/vi/qbwcEvi4qi8/default.jpg","120","90","https://i.ytimg.com/vi/qbwcEvi4qi8/mqdefault.jpg","320","180","https://i.ytimg.com/vi/qbwcEvi4qi8/hqdefault.jpg","480","360","Chris Rogers","none",8225,41,3,0,12,6,2018
"mj1B-rPpV5E",2013-12-18,"UC2QfralkpSNApY81B8Fp8Eg","snap on presser feet","https://www.sewingpartsonline.com/blog/sew-fleece-tips-tricks/?utm_source=Youtube&utm_medium=Product If you haven't used snap on presser feet, you are ...","https://i.ytimg.com/vi/mj1B-rPpV5E/default.jpg","120","90","https://i.ytimg.com/vi/mj1B-rPpV5E/mqdefault.jpg","320","180","https://i.ytimg.com/vi/mj1B-rPpV5E/hqdefault.jpg","480","360","Sewing Parts Online","none",24406,149,9,0,20,12,2013
"nIn35OHs-lA",2013-01-08,"UCEs6-iUDM8Sje4W7x2IKTWw","autodesk revit model in showcase","Taken from http://www.cadlinecommunity.co.uk/Blogs/Blog.aspx?","https://i.ytimg.com/vi/nIn35OHs-lA/default.jpg","120","90","https://i.ytimg.com/vi/nIn35OHs-lA/mqdefault.jpg","320","180","https://i.ytimg.com/vi/nIn35OHs-lA/hqdefault.jpg","480","360","Cadline","none",1167,1,0,0,2,1,2013
"sfTzinQuHxs",2019-02-07,"UCZWmksterrOcTNh1ljvs6Hg","winning andy stanley","We all want to win. After all, winning is better than not winning. In a game a win is defined, but life is not a game. And winning in the most important areas of our ...","https://i.ytimg.com/vi/sfTzinQuHxs/default.jpg","120","90","https://i.ytimg.com/vi/sfTzinQuHxs/mqdefault.jpg","320","180","https://i.ytimg.com/vi/sfTzinQuHxs/hqdefault.jpg","480","360","Andy Stanley","none",45302,507,30,0,NA,2,2019
"lgLGfewdDFQ",2014-01-29,"UC2QfralkpSNApY81B8Fp8Eg","how to make a zippered pillowcase","https://www.sewingpartsonline.com/?utm_source=Youtube&utm_medium=product This project is actually from a blog post we did awhile back. However, a fan ...","https://i.ytimg.com/vi/lgLGfewdDFQ/default.jpg","120","90","https://i.ytimg.com/vi/lgLGfewdDFQ/mqdefault.jpg","320","180","https://i.ytimg.com/vi/lgLGfewdDFQ/hqdefault.jpg","480","360","Sewing Parts Online","none",106155,995,55,0,54,1,2014
"G6fTYS-9v8Q",2013-08-28,"UC74V4lvzz9mkCi6DF6i5gYg","10 steps to brand amp social media marketing success","Source: http://larrysnow.me/branding-and-social-media-marketing-success/ In my opinion these ten steps will help you achieve branding and social media ...","https://i.ytimg.com/vi/G6fTYS-9v8Q/default.jpg","120","90","https://i.ytimg.com/vi/G6fTYS-9v8Q/mqdefault.jpg","320","180","https://i.ytimg.com/vi/G6fTYS-9v8Q/hqdefault.jpg","480","360","Larry Snow","none",213,1,0,0,0,8,2013
"k2cHpZPdYaI",2019-04-17,"UCKT_PdkbqC81hgNHLxXHzLg","definition of talent acquisition <U+062A><U+0639><U+0631><U+064A><U+0641> <U+0627><U+0633><U+062A><U+062D><U+0648><U+0627><U+0630> <U+0627><U+0644><U+0645><U+0648><U+0627><U+0647><U+0628>","<U+0647><U+064A> <U+0639><U+0645><U+0644><U+064A><U+0629> <U+062C><U+0630><U+0628> <U+0648><U+062A><U+0648><U+0638><U+064A><U+0641> <U+0623><U+0641><U+0636><U+0644> <U+0627><U+0644><U+0645><U+0648><U+0627><U+0647><U+0628> <U+0627><U+0644><U+0645><U+062A><U+0627><U+062D><U+0629> <U+0644><U+0636><U+0645><U+0627><U+0646> <U+0623><U+0646> <U+0645><U+0624><U+0633><U+0633><U+062A><U+0643> <U+0644><U+062F><U+064A><U+0647><U+0627> <U+0627><U+0644><U+0623><U+0634><U+062E><U+0627><U+0635> <U+0627><U+0644><U+0645><U+0646><U+0627><U+0633><U+0628><U+064A><U+0646> <U+060C> <U+0645><U+0639> <U+0627><U+0644><U+0645><U+0647><U+0627><U+0631><U+0627><U+062A> <U+0627><U+0644><U+0645><U+0646><U+0627><U+0633><U+0628><U+0629>...","https://i.ytimg.com/vi/k2cHpZPdYaI/default.jpg","120","90","https://i.ytimg.com/vi/k2cHpZPdYaI/mqdefault.jpg","320","180","https://i.ytimg.com/vi/k2cHpZPdYaI/hqdefault.jpg","480","360","HR Adrenaline","none",178,13,0,0,3,4,2019
"ipiTJMD-GVU",2014-12-12,"UC2QfralkpSNApY81B8Fp8Eg","the beginner 39 s guide to sewing alterations episode 17 taking in a side seam","https://www.sewingpartsonline.com/?utm_source=Youtube&utm_medium=product Welcome back to the Beginner's Guide to Sewing! In this episode, we show ...","https://i.ytimg.com/vi/ipiTJMD-GVU/default.jpg","120","90","https://i.ytimg.com/vi/ipiTJMD-GVU/mqdefault.jpg","320","180","https://i.ytimg.com/vi/ipiTJMD-GVU/hqdefault.jpg","480","360","Sewing Parts Online","none",80723,650,31,0,10,12,2014
"pOF-LEqDSO8",2008-07-28,"UClxb3xL_UCSd6DgbzuNyfVg","felinos cabras y peces estresados telurica 437","Aprenderemos cómo dormir a una gallina. Nuestras mascotas pueden ser desde un león hasta un gatito genio, pero debemos cuidarlos del estrés que también ...","https://i.ytimg.com/vi/pOF-LEqDSO8/default.jpg","120","90","https://i.ytimg.com/vi/pOF-LEqDSO8/mqdefault.jpg","320","180","https://i.ytimg.com/vi/pOF-LEqDSO8/hqdefault.jpg","480","360","teluricatv","none",17656,35,7,0,15,7,2008
"vi_FrDxMIJ0",2016-03-06,"UCrrImyxp1HxxG3bitj_mbgQ","ipl opening ceremony 2016","IPL 2016 * Season 9 * all match venues IPL 2016 is not so close but people around us already started talking about this event.So here we publish the match,ipl ...","https://i.ytimg.com/vi/vi_FrDxMIJ0/default.jpg","120","90","https://i.ytimg.com/vi/vi_FrDxMIJ0/mqdefault.jpg","320","180","https://i.ytimg.com/vi/vi_FrDxMIJ0/hqdefault.jpg","480","360","NixHero Live","none",458504,404,111,0,16,3,2016
"_zjsfjVmtJM",2016-09-28,"UCw2ptm5qXBr61Jn8QingQFQ","gta sa top 20 mods of all time 2020 download links cleos skins textures","Hello there everybody, E.oussama here with another gta san andreas video, on this particular one, we're reviewing 20 of the best mods ever created for Gta San ...","https://i.ytimg.com/vi/_zjsfjVmtJM/default.jpg","120","90","https://i.ytimg.com/vi/_zjsfjVmtJM/mqdefault.jpg","320","180","https://i.ytimg.com/vi/_zjsfjVmtJM/hqdefault.jpg","480","360","Oussama Essamadi","none",746544,10703,781,0,724,9,2016
"wLHLkgWZVsw",2017-09-02,"UCEEI37yjLgsv_qcKQ341Pgg","4 hour salon makeover beats 4 year dental disaster brighter image lab helps senior pictures","She wasn't going to get Senior Pictures! She set up GoFundMe to get Veneers she needed after Dentists DESTROYED her smile! Wasn't going to get Senior ...","https://i.ytimg.com/vi/wLHLkgWZVsw/default.jpg","120","90","https://i.ytimg.com/vi/wLHLkgWZVsw/mqdefault.jpg","320","180","https://i.ytimg.com/vi/wLHLkgWZVsw/hqdefault.jpg","480","360","Brighter Image Lab","none",9771,117,8,0,25,9,2017
"C3qoVN-XnIM",2017-06-06,"UCXoWOtjHwGIgNDAELSPE3Og","easy diy hinged hoophouse for raised bed","This is my take at a hinged hoophouse for my raised bed. I am really happy with the way it turned out! This is the products I used for this build: ...","https://i.ytimg.com/vi/C3qoVN-XnIM/default.jpg","120","90","https://i.ytimg.com/vi/C3qoVN-XnIM/mqdefault.jpg","320","180","https://i.ytimg.com/vi/C3qoVN-XnIM/hqdefault.jpg","480","360","Christopher Brandsdal","none",1103172,25640,448,0,1028,6,2017
"xvW0wxxYLDU",2014-09-22,"UC2QfralkpSNApY81B8Fp8Eg","disney 39 s frozen elsa costume tutorial part 1","https://www.sewingpartsonline.com/?utm_source=Youtube&utm_medium=product Learn how to make Elsa's costume! This series is specially designed for ...","https://i.ytimg.com/vi/xvW0wxxYLDU/default.jpg","120","90","https://i.ytimg.com/vi/xvW0wxxYLDU/mqdefault.jpg","320","180","https://i.ytimg.com/vi/xvW0wxxYLDU/hqdefault.jpg","480","360","Sewing Parts Online","none",71277,291,34,0,21,9,2014
"Cmg1dZ8by5A",2015-10-30,"UCqMG_BBwxrhLG80Y3yuEu-Q","anil dash makerbase xoxo festival 2015","Since 1999, writer and technologist Anil Dash has published more than a million words on his blog. His latest project is Makerbase, a user-editable database of ...","https://i.ytimg.com/vi/Cmg1dZ8by5A/default.jpg","120","90","https://i.ytimg.com/vi/Cmg1dZ8by5A/mqdefault.jpg","320","180","https://i.ytimg.com/vi/Cmg1dZ8by5A/hqdefault.jpg","480","360","XOXO Festival","none",2522,NA,NA,0,NA,10,2015
"UvpYzMUXX7s",2019-03-22,"UCDFT7MiDfndPZSP90Hc2qdg","blogging 101 with mediavine be creative co and the elizabeth dole foundation","Mediavine co-founder Amber Bracegirdle joins Liz Rotenberry, Fellows Program Coordinator at the Elizabeth Dole Foundation, and Betsy Eves of Java Cupcake ...","https://i.ytimg.com/vi/UvpYzMUXX7s/default.jpg","120","90","https://i.ytimg.com/vi/UvpYzMUXX7s/mqdefault.jpg","320","180","https://i.ytimg.com/vi/UvpYzMUXX7s/hqdefault.jpg","480","360","Mediavine","none",151,2,0,0,0,3,2019
"VqK9JO1tu1c",2019-02-21,"UC3UnPHQIFLfGq7yy7tqcvUg","pg trb 2019 20 computer science syllabus","Teacher's Care Academy PG-TRB:2019-20, COMPUTER SCIENCE SYLLABUS TNPSC/PG-TRB/TET/SPL. TEACHER (DRAWING) TRB COMPUTER SCIENCE ...","https://i.ytimg.com/vi/VqK9JO1tu1c/default.jpg","120","90","https://i.ytimg.com/vi/VqK9JO1tu1c/mqdefault.jpg","320","180","https://i.ytimg.com/vi/VqK9JO1tu1c/hqdefault.jpg","480","360","Teacher's Care Academy","none",17720,98,22,0,88,2,2019
"ByTEhbdZxds",2017-02-02,"UCa1hedsdZqL7HbCC_KnP_sw","video seo expert video marketing services seo video seo company","https://linkdaddyseo.com Video SEO Expert - http://www.videomarketinggroup.org. As a Video SEO Expert specialising in Video Marketing SEO Services my ...","https://i.ytimg.com/vi/ByTEhbdZxds/default.jpg","120","90","https://i.ytimg.com/vi/ByTEhbdZxds/mqdefault.jpg","320","180","https://i.ytimg.com/vi/ByTEhbdZxds/hqdefault.jpg","480","360","Tony Peacock - LinkDaddy SEO Backlinks","none",2538,28,0,0,6,2,2017
"5-y3NVkp5Vc",2012-11-12,"UC2QfralkpSNApY81B8Fp8Eg","how to use a roller foot","https://www.sewingpartsonline.com/?utm_source=Youtube&utm_medium=product Sew leather, vinyl, suede, velvet, and even chiffon with the Roller Foot! In this ...","https://i.ytimg.com/vi/5-y3NVkp5Vc/default.jpg","120","90","https://i.ytimg.com/vi/5-y3NVkp5Vc/mqdefault.jpg","320","180","https://i.ytimg.com/vi/5-y3NVkp5Vc/hqdefault.jpg","480","360","Sewing Parts Online","none",138537,782,24,0,49,11,2012
"FmrwiK3Itnw",2018-11-13,"UCE3IWJtce6NoHkAoaMlfZyQ","how i achieved financial freedom at 28 with online passive income","I achieved financial freedom at the age of 28 through passive income from my online businesses. Here is a bit of my story and how I achieved that.","https://i.ytimg.com/vi/FmrwiK3Itnw/default.jpg","120","90","https://i.ytimg.com/vi/FmrwiK3Itnw/mqdefault.jpg","320","180","https://i.ytimg.com/vi/FmrwiK3Itnw/hqdefault.jpg","480","360","On Property","none",1660,31,5,0,13,11,2018
"RcgCQshRYnk",2013-09-12,"UC2QfralkpSNApY81B8Fp8Eg","why transfer artist paper is awesome","https://www.sewingpartsonline.com/?utm_source=Youtube&utm_medium=product Transfer Artist Paper (TAP) is a sewing, quilting, crafting lover's best friend.","https://i.ytimg.com/vi/RcgCQshRYnk/default.jpg","120","90","https://i.ytimg.com/vi/RcgCQshRYnk/mqdefault.jpg","320","180","https://i.ytimg.com/vi/RcgCQshRYnk/hqdefault.jpg","480","360","Sewing Parts Online","none",19849,114,7,0,21,9,2013
